<?xml version="1.0" encoding="UTF-8" standalone="yes"?>
<addon id="plugin.video.allrss" version="0.0.1" name="Allrss" provider-name="boleanly, aznhusband, dumbo0001, mugol, General-Meow, cthlo">
  <requires>
    <import addon="xbmc.python" version="2.1.0"/>
    <import addon="script.module.html5lib" version="0.999.0"/>
    <import addon="script.module.beautifulsoup4" version="4.3.2"/>
    <import addon="script.module.requests" version="2.9.1"/>
    <import addon="script.module.urlresolver" version="5.0.22"/>
	<import addon="script.module.feedparser" version="5.1.3" />
  </requires>
  <extension point="xbmc.python.pluginsource" library="addon.py">
    <provides>video</provides>
  </extension>
  <extension point="xbmc.addon.metadata">
    <summary>Dramas, shows, movies and more from allrss.se</summary>
    <description>Provides contents from allrss.se. "Happy wife, happy life"</description>
    <disclaimer>This addon is not affiliated with allrss.se</disclaimer>
    <platform>all</platform>
    <license>MIT License</license>
  </extension>
</addon>
